,type,name,sequence,length,gRNA start,Reference,gene model,Confirmed?,1st examples
0,gRNA,g1,AACGATGTGTTGGTTACACAAGG,23.0,,,,,
1,gRNA,g2,CTTCATACTGTTGGGCCAAAGGG,23.0,,,,,
2,gRNA,g3,CTTTCTACTCAAATCCAGTTTGG,23.0,,,,,
3,gRNA,g4,AATGGTGCCTTGTAGAAGGTGGG,23.0,,,,,
4,gRNA,g5,TTACTATAACATATAGATAGAGG,23.0,,,,,
5,gRNA,g6,ACGTGGTTTCAGATTACACGTGG,23.0,,,,,
6,scaffold,SF (standard),GTTTTAGAGCTAGAAATAGCAAGTTAAAATAAGGCTAGTCCGTTATCAACTTGAAAAAGTGGCACCGAGTCGGTGCTTTTTTT,83.0,,,,,
7,scaffold,SF1,GTTTCAGAGCTATGCTGGAAACAGCATAGCAAGTTGAAATAAGGCTAGTCCGTTATCAACTTGAAAAAGTGGCACCGAGTCGGTGCTTTTTTT,93.0,,,,,
8,scaffold,SF2,GTTTAAGAGCTATGCTGAAAAGCATAGCAAGTTTAAATAAGGCTAGTCCGTTAaCAACggGAAAccGTGGCACCGAGTCGGTGCTTTTTTT,91.0,,,,,
9,scaffold,SF3,GTTTAAGAGCTATGCTGGAAACAGCATAGCAAGTTTAAATAAGGCTAGTCCGTTATCAACTTGAAAAAGTGGCACCGAGTCGGTGCTTTTTTT,93.0,,,,,
10,scaffold,SF4,GTTTGAGAGCTATGCTGGAAACAGCATAGCAAGTTCAAATAAGGCTAGTCCGTTATCAACTTGAAAAAGTGGCACCGAGTCGGTGCTCGGTTTTTTT,97.0,,,,,
11,scaffold,SF5 (SF4558),GTTTTAGAGCTAGAAATAGCAAGTTAAAATAAGGCTAGTCCGTTATCACGCCGAAAGGCGGGCACCGAGTCGGTGCCTTTTTTT,84.0,,,,,
12,scaffold,SF5b (error),GTTTTAGAGCTAGAAACGGCAAGTTAAAATAAGGCTAGTCCGTTATCACGCCGAAAGGCGGGCGCCGAGTCGGCGCC,77.0,,,,,
13,scaffold,SF5a (4558a),GTTTCAGAGCTAGAAATAGCAAGTTGAAATAAGGCTAGTCCGTTATCACGCCGAAAGGCGGGCACCGAGTCGGTGCCTTTTTTT,84.0,,,,,
14,scaffold,SF4561,GTTTTAGAGCTAGAAATAGCAAGTTAAAATAAGGCTAGTCCGTTATCACCTTGGGCCGAAAGGCCCAAGGGGCGCCGAGTCGGCGCCTTTTTTT,94.0,,,,,
15,scaffold,SF1a,GTTTCAGAGCTATGCTGGAAACAGCATAGCAAGTTGAAATAAGGCTAGTCCGTaATCAACTTGAAAAAGTGGCACCGAGTCGGTGCTTTTTTT,93.0,,,,,
16,scaffold,SF4a,GTTTGAGAGCTATGCTGGAAACAGCATAGCAAGTTCAAATAAGGCTAGTCCGTaATCAACTTGAAAAAGTGGCACCGAGTCGGTGCTCGGTTTTTTT,97.0,,,,,
17,linker,linker1,GCTACCTCAGCATAGTCTACAGC,23.0,,,,,
18,linker,linker2,CCACATGGGGACACGTGGCGCT,22.0,,,,,
19,linker,linker3,GAGCTGTCTGCATGTGTGTCAGC,23.0,,,,,
20,linker,linker4,GGACTGCGATTATGGAGCGTGC,22.0,,,,,
0,promoter,MtU6,ATGCCTATCTTATATGATCAATGAGGCATTTAATTGGGTGCATATGATGGTGAAAAAAGGTGCAGCTCCTGGCTTGGGAATGATGACTCATGTGGAATTTGGTCTTAAATTTATCACATCCTTTTGGGATGTGATGATTGTATCACTTGTTCATTTTGCAAAGACAAGGTGCACTGCTACAAACTTTGGTTTAATCTGAAATAAAACAAAACTCACTGAGAGGAAGATGCATCCCAGTAGGTGAAAGTCGAGAAGGATTTGCATGTTACTATTACACTTGCTTTTTAGTCCCACATCGTCTGAAACATAAAATATTTCAGCGTTTAAATACTTCAAGCGAACCAGTAGGCTT,352.0,G,Jacobs 2015 BMC Biotech (https://bmcbiotechnol.biomedcentral.com/articles/10.1186/s12896-015-0131-2),,yes,4CL1/4CL2
1,promoter,AtU6.26P205,CATCTTCATTCTTAAGATATGAAGATAATCTTCAAAAGGCCCCTGGGAATCTGAAAGAAGAGAAGCAGGCCCATTTATATGGGAAAGAACAATAGTATTTCTTATATAGGCCCATTTAAGTTGAAAACAATCTTCAAAAGTCCCACATCGCTTAGATAAGAAAACGAAGCTGAGTTTATATACAGCTAGAGTCGAAGTAGTGATT,205.0,G,Castel 2019 PlosOne (https://journals.plos.org/plosone/article?id=10.1371/journal.pone.0204778),UTR of At3g13850,yes,GXMT 2nd gRNA
2,promoter,AtU6.26(181),ATAATCTTCAAAAGGCCCCTGGGAATCTGAAAGAAGAGAAGCAGGCCCATTTATATGGGAAAGAACAATAGTATTTCTTATATAGGCCCATTTAAGTTGAAAACAATCTTCAAAAGTCCCACATCGCTTAGATAAGAAAACGAAGCTGAGTTTATATACAGCTAGAGTCGAAGTAGTGATT,183.0,G,Ren et al. 2021 Sci Rep (https://www.nature.com/articles/s41438-021-00489-z),,,Ren et al. 2021 Grape
3,promoter,AtU6-26(79),GGAGTGATCAAAAGTCCCACATCGATCAGGTGATATATAGCAGCTTAGTTTATATAATGATAGAGTCGACATAGCGATT,79.0,G,Nekrasov 2013 Nat Biotech (https://pubmed.ncbi.nlm.nih.gov/23929340/),,yes,GXMT v2
4,promoter,AtU6.1,AGAAATCTCAAAATTCCGGCAGAACAATTTTGAATCTCGATCCGTAGAAACGAGACGGTCATTGTTTTAGTTCCACCACGATTATATTTGAAATTTACGTGAGTGTGAGTGAGACTTGCATAAGAAAATAAAATCTTTAGTTGGGAAAAAATTCAATAATATAAATGGGCTTGAGAAGGAAGCGAGGGATAGGCCTTTTTCTAAAATAGGCCCATTTAAGCTATTAACAATCTTCAAAAGTACCACAGCGCTTAGGTAAAGAAAGCAGCTGAGTTTATATATGGTTAGAGACGAAGTAGTGATT,304.0,G,Li 2013 Nat Biotech (https://www.nature.com/articles/nbt.2654),upstream of At3g14730,,KMLuo poplar
6,promoter,AtU3d(old),ATAAGCTTATGATTTCTTTTTTCTTACGAATTTTGCGTCCCACATCGGTAAGCGAGTGAAGAAATAACTGCTTTATATATGGCTACAAAGCACCATTGGTC,101.0,A,Ma 2015 Mol Plant (https://pubmed.ncbi.nlm.nih.gov/25917172/),UTR of At5g54070,yes,"SULTR, XO"
7,promoter,AtU3b,TTATGTAATTTAATGGGCTATCGTCCATATATTCACTAATACCCATGCCCAGTACCCATGTATGCGTTTCATATAAGCTCCTAATTTCTCCCACATCGCTCAAATCTAAACAAATCTTGTTGTATATATAACACTGAGGGAGCACCATTGGTC,153.0,A,Ren et al. 2021 Sci Rep (https://www.nature.com/articles/s41438-021-00489-z),,,Ren et al. 2021 Grape
11,promoter,VvU3.1,AGTACTTTCATAGGAATAGGTTTCAAATGAACCTTTGTGATACACTTCGATCCTGACTCTCTCTAAAAGCAAAAATCATTAATATTTTTTCAATTATATTTTAATTTTTACAAATACTAACAAATATTAATAATTCTAATATCTTTCTTGTTTTGAAAAATAAAAGAAAAATAATAATGTTTGGTATATTCCGTATATATTATTTTAAATGAATCCAGAAGTTTCCAAGAATTTCACTGGCAATCAATCGTGCATCAGCTGTCAATCGTTGTTCCCAGGAAGGCTCATTGGAAGTCTATAACCAATGAGAACACGCGGTGACTAGCCGTCCCACATCGAAAATGCAGGAAACATTTAATAACTATATAACAAAGGATAGGAGATTCACATGCC,393.0,A,Ren et al. 2021 Sci Rep (https://www.nature.com/articles/s41438-021-00489-z),,,
12,promoter,VvU3.2,TATTTTTAGTTTTGTTAAAAATAATTATTTTTTAGAAAAGTATTTATAATAAAAATATTATTAAAAAATATTTTACGAATTAAAAGTACTTTCATAGGAATAGAAAAAAATCATTTACCTTAATTTTTAAAAAACTTTTACTATGAGATAAACATGATTTTCTCAAAAAAATTTAATCGCAGAATCTTAAAAATAGGATTCAAGTGACAGATCCGTTACTTTACACGTACAACTATTATCTTCTTTAACGATATAAATAAAAAAATGTTTATCAAAATAATTTTGCAAATTAAAATATCATACATCGGCCGTTAAAATTATTTTAAATGAATCCAGAAGTTTGCAAGAATTTCATTTGGCAATCTGTCGTGCATCAGCTGTCAATCGTTGTTACCAAGAAGTTCATTGCAAATATATGGCCAATGAGAACACGCGGTGACTAGCCGTCCCACATCGGAAATGCAGGAAACATTTAATGACTATATAACAAAGGATAGGAGATTCACATGCC,511.0,A,Ren et al. 2021 Sci Rep (https://www.nature.com/articles/s41438-021-00489-z),,,
13,promoter,VvU6.1,TTGCCTCTGGAAAATCCCCCTATAATTTTTTCAGTTTCTTTCAATTACCAGCAAAATTAGGGCTGAGAATGGAATTCCCAAACCCTAAAACAAAAAGAATTCCCAAATCTGAAAACAGTCTAGGATTCGGTTTTATAAATTACAAAAAGAACAACCATAATAAAGATGAAAAGCAACGAAGGAAGAAAAAGGAAATGAGAGAGGAGAGAGGAGACGCAGAGAGAGCAGCAGTCTCACCTTCTGGTGGGGAACACCAAGGACGAACATGCCAATTCTAAATTCAACCCAAATGAGTTGTGGTGACGGGCCGTGGGCTCGATGCCCAGACCAAGCGAAACGACGTCGTTCCCAAACGACTCTTCCCACATCGACTGCTCATAGACGAAATTGAGCTTTTATATATCAGGAGCAAACGCTTAGAGCTT,425.0,G,Ren et al. 2021 Sci Rep (https://www.nature.com/articles/s41438-021-00489-z),,,
14,promoter,VvU6.2,TTCCCTAATCATCATGTCTCTGCAATCTCTATCTAAGAGCTCCGCAAGAGATGATATTCAAAATCTTTTTGCCATGGTTTTGCTTCAAGTTGGTTTTTGATCAGCAGTCAATGGATTTTAAGCTACCACCCTCGGTATCCTACATAAGAAATCCAATACAAAAGTGGATTTTTGCAGTGCTGGTAGTTTCTTGAATTTAAGTTATTTAATTAGACTTATGATAAACACTAGCCCCTGGAAAATTCACCTACAATTTTTTTCAGTTTCTTTCAATTACCAGCAAAATTAGGGCTGAGAATGCAATTCCCAAACCCTAAGAACAAAAAGAATGCCCAAATCTGAAAGCATTATATGACAACAACCATAATAAAGATGAAAAGCAACGAAGAAAAAGTAATCTCACCTTCTGGTGGGGAACACCAAGGACGAACATGCCAATTCTAAATTCAACCCAAATGAGTTGTGGTGACGGGCCGTGGGCTCGATGCCCAGACCAAGCGAAACGACGTCGTTCCCAAACGACTCTTCCCACATCGACTGCGTATAGACTAAATTCACCTTTTTTATATCAGGAGCAAACGCTTAGAGCTT,591.0,G,Ren et al. 2021 Sci Rep (https://www.nature.com/articles/s41438-021-00489-z),,,
